﻿Designator,Footprint,Quantity,Value,LCSC Part #
"C1, C2, C5",0805,3,10u,
C3,0805,1,330p,
C4,0805,1,470p,
D1,D_SOD-323,1,SD12_SOD323,
D2,0805,1,12V,
D3,0805,1,5V,
D4,0805,1,VCAN,
J1,Molex_Micro-Fit_3.0_43045-0612_2x03_P3.00mm_Vertical,1,FIRST MPPT,
J2,Molex_Micro-Fit_3.0_43045-0612_2x03_P3.00mm_Vertical,1,LAST MPPT,
J3,Molex_MicroFit3.0_1x4xP3.00mm_PolarizingPeg_Vertical,1,CarCAN In,
J4,Molex_MicroFit3.0_1x4xP3.00mm_PolarizingPeg_Vertical,1,CarCAN Out,
J5,Molex_Micro-Fit_3.0_43650-0215_1x02_P3.00mm_Vertical,1,FUSEBOX,
LOGO1,UTSVT_Logo_Symbol,1,UTSVT Logo,
Q1,SOT-23,1,PMV35EPER,
"R1, R6",0805,2,120,
R2,0805,1,100k,
R3,0805,1,5.1k,
R4,0805,1,1.69k,
R5,0805,1,3.48k,
TP1,TestPoint_Pad_1.0x1.0mm,1,CGND,
TP2,TestPoint_Pad_1.0x1.0mm,1,GNDPWR,
TP3,TestPoint_Pad_1.0x1.0mm,1,5V,
TP4,TestPoint_Pad_1.0x1.0mm,1,12V,
TP5,TestPoint_Pad_1.0x1.0mm,1,VCAN,
TP6,TestPoint_Pad_1.0x1.0mm,1,CGND2,
U1,RI3_DC_Converter,1,RI3-1209S,
Z1,BZT52B12QX,1,BZT52-B12-QX,
